{
  "project_info": {
    "project_number": "345978795293",
    "firebase_url": "https://test-projects-obydul.firebaseio.com",
    "project_id": "test-projects-obydul",
    "storage_bucket": "test-projects-obydul.appspot.com"
  },
  "client": [
    {
      "client_info": {
        "mobilesdk_app_id": "1:345978795293:android:748a9b19e0d27c21",
        "android_client_info": {
          "package_name": "me.obydul.firebasephoneverification"
        }
      },
      "oauth_client": [
        {
          "client_id": "345978795293-78r8p43tf117un7u5juckvl1cdqkked3.apps.googleusercontent.com",
          "client_type": 3
        }
      ],
      "api_key": [
        {
          "current_key": "AIzaSyATyDinf4Z-k1wg9sy6EuaDED7B-gu9YR8"
        }
      ],
      "services": {
        "analytics_service": {
          "status": 1
        },
        "appinvite_service": {
          "status": 1,
          "other_platform_oauth_client": []
        },
        "ads_service": {
          "status": 2
        }
      }
    }
  ],
  "configuration_version": "1"
}